{"NewDataSet":{"ManufacturingOrders":[{"Enabled":"true","OrderId":"Order01","MaterialName":"FinishedGoodA","ReleaseDate":"2019-12-01T00:00:00-05:00","DueDate":"2019-12-10T16:00:00-05:00","OrderStatus":"WIP","Priority":"1","Quantity":"10","AdjustedReleaseDate":"0.0"},{"Enabled":"true","OrderId":"Order02","MaterialName":"FinishedGoodA","ReleaseDate":"2019-12-01T00:00:00-05:00","DueDate":"2019-12-05T16:00:00-05:00","OrderStatus":"New","Priority":"1","Quantity":"10","AdjustedReleaseDate":"0.0"},{"Enabled":"true","OrderId":"Order03","MaterialName":"FinishedGoodB","ReleaseDate":"2019-12-01T00:00:00-05:00","DueDate":"2019-12-07T16:00:00-05:00","OrderStatus":"WIP","Priority":"1","Quantity":"10","AdjustedReleaseDate":"0.0"},{"Enabled":"true","OrderId":"Order04","MaterialName":"FinishedGoodB","ReleaseDate":"2019-12-01T00:00:00-05:00","DueDate":"2019-12-05T16:00:00-05:00","OrderStatus":"WIP","Priority":"1","Quantity":"10","AdjustedReleaseDate":"0.0"},{"Enabled":"true","OrderId":"Order05","MaterialName":"FinishedGoodC","ReleaseDate":"2019-12-01T00:00:00-05:00","DueDate":"2019-12-06T16:00:00-05:00","OrderStatus":"WIP","Priority":"1","Quantity":"10","AdjustedReleaseDate":"0.0"},{"Enabled":"true","OrderId":"Order06","MaterialName":"FinishedGoodC","ReleaseDate":"2019-12-01T00:00:00-05:00","DueDate":"2019-12-03T16:00:00-05:00","OrderStatus":"New","Priority":"1","Quantity":"10","AdjustedReleaseDate":"0.0"},{"Enabled":"true","OrderId":"Order07","MaterialName":"FinishedGoodC","ReleaseDate":"2019-12-01T00:00:00-05:00","DueDate":"2019-12-03T16:00:00-05:00","OrderStatus":"New","Priority":"1","Quantity":"10","AdjustedReleaseDate":"0.0"},{"Enabled":"true","OrderId":"Order08","MaterialName":"FinishedGoodA","ReleaseDate":"2019-12-01T00:00:00-05:00","DueDate":"2019-12-12T23:00:00-05:00","OrderStatus":"New","Priority":"1","Quantity":"10","AdjustedReleaseDate":"0.0"},{"Enabled":"true","OrderId":"Order09","MaterialName":"FinishedGoodA","ReleaseDate":"2019-12-01T00:00:00-05:00","DueDate":"2019-12-14T21:00:00-05:00","OrderStatus":"New","Priority":"1","Quantity":"10","AdjustedReleaseDate":"0.0"},{"Enabled":"true","OrderId":"Order10","MaterialName":"FinishedGoodB","ReleaseDate":"2019-12-01T00:00:00-05:00","DueDate":"2019-12-13T16:00:00-05:00","OrderStatus":"New","Priority":"1","Quantity":"10","AdjustedReleaseDate":"0.0"},{"Enabled":"true","OrderId":"Order11","MaterialName":"FinishedGoodB","ReleaseDate":"2019-12-01T00:00:00-05:00","DueDate":"2019-12-14T14:00:00-05:00","OrderStatus":"New","Priority":"1","Quantity":"10","AdjustedReleaseDate":"0.0"},{"Enabled":"true","OrderId":"Order12","MaterialName":"FinishedGoodA","ReleaseDate":"2019-12-01T00:00:00-05:00","DueDate":"2019-12-19T13:00:00-05:00","OrderStatus":"New","Priority":"1","Quantity":"10","AdjustedReleaseDate":"0.0"},{"Enabled":"true","OrderId":"Order13","MaterialName":"FinishedGoodC","ReleaseDate":"2019-12-01T00:00:00-05:00","DueDate":"2019-12-12T00:00:00-05:00","OrderStatus":"New","Priority":"1","Quantity":"10","AdjustedReleaseDate":"0.0"},{"Enabled":"true","OrderId":"Order14","MaterialName":"FinishedGoodA","ReleaseDate":"2019-12-01T00:00:00-05:00","DueDate":"2019-12-19T13:00:00-05:00","OrderStatus":"New","Priority":"1","Quantity":"10","AdjustedReleaseDate":"0.0"},{"Enabled":"true","OrderId":"Order15","MaterialName":"FinishedGoodC","ReleaseDate":"2019-12-01T00:00:00-05:00","DueDate":"2019-12-13T22:00:00-05:00","OrderStatus":"New","Priority":"1","Quantity":"10","AdjustedReleaseDate":"0.0"},{"Enabled":"true","OrderId":"Order16","MaterialName":"FinishedGoodB","ReleaseDate":"2019-12-01T00:00:00-05:00","DueDate":"2019-12-19T13:00:00-05:00","OrderStatus":"New","Priority":"1","Quantity":"10","AdjustedReleaseDate":"0.0"},{"Enabled":"true","OrderId":"Order17","MaterialName":"FinishedGoodC","ReleaseDate":"2019-12-01T00:00:00-05:00","DueDate":"2019-12-19T13:00:00-05:00","OrderStatus":"New","Priority":"1","Quantity":"10","AdjustedReleaseDate":"0.0"},{"Enabled":"true","OrderId":"Order18","MaterialName":"FinishedGoodA","ReleaseDate":"2019-12-01T00:00:00-05:00","DueDate":"2019-12-12T23:00:00-05:00","OrderStatus":"New","Priority":"1","Quantity":"10","AdjustedReleaseDate":"0.0"},{"Enabled":"true","OrderId":"Order19","MaterialName":"FinishedGoodA","ReleaseDate":"2019-12-01T00:00:00-05:00","DueDate":"2019-12-14T21:00:00-05:00","OrderStatus":"New","Priority":"1","Quantity":"10","AdjustedReleaseDate":"0.0"},{"Enabled":"true","OrderId":"Order20","MaterialName":"FinishedGoodB","ReleaseDate":"2019-12-01T00:00:00-05:00","DueDate":"2019-12-13T16:00:00-05:00","OrderStatus":"New","Priority":"1","Quantity":"10","AdjustedReleaseDate":"0.0"},{"Enabled":"true","OrderId":"Order21","MaterialName":"FinishedGoodB","ReleaseDate":"2019-12-01T00:00:00-05:00","DueDate":"2019-12-14T14:00:00-05:00","OrderStatus":"New","Priority":"1","Quantity":"10","AdjustedReleaseDate":"0.0"},{"Enabled":"true","OrderId":"Order22","MaterialName":"FinishedGoodA","ReleaseDate":"2019-12-01T00:00:00-05:00","DueDate":"2019-12-19T13:00:00-05:00","OrderStatus":"New","Priority":"1","Quantity":"10","AdjustedReleaseDate":"0.0"},{"Enabled":"true","OrderId":"Order23","MaterialName":"FinishedGoodC","ReleaseDate":"2019-12-01T00:00:00-05:00","DueDate":"2019-12-12T00:00:00-05:00","OrderStatus":"New","Priority":"1","Quantity":"10","AdjustedReleaseDate":"0.0"},{"Enabled":"true","OrderId":"Order24","MaterialName":"FinishedGoodA","ReleaseDate":"2019-12-01T00:00:00-05:00","DueDate":"2019-12-19T13:00:00-05:00","OrderStatus":"New","Priority":"1","Quantity":"10","AdjustedReleaseDate":"0.0"},{"Enabled":"true","OrderId":"Order25","MaterialName":"FinishedGoodC","ReleaseDate":"2019-12-01T00:00:00-05:00","DueDate":"2019-12-13T22:00:00-05:00","OrderStatus":"New","Priority":"1","Quantity":"10","AdjustedReleaseDate":"0.0"},{"Enabled":"true","OrderId":"Order26","MaterialName":"FinishedGoodB","ReleaseDate":"2019-12-01T00:00:00-05:00","DueDate":"2019-12-19T13:00:00-05:00","OrderStatus":"New","Priority":"1","Quantity":"10","AdjustedReleaseDate":"0.0"},{"Enabled":"true","OrderId":"Order27","MaterialName":"FinishedGoodC","ReleaseDate":"2019-12-01T00:00:00-05:00","DueDate":"2019-12-19T13:00:00-05:00","OrderStatus":"New","Priority":"1","Quantity":"10","AdjustedReleaseDate":"0.0"}]}}
