<NewDataSet>
  <ManufacturingOrders>
    <Enabled>true</Enabled>
    <OrderId>Order01</OrderId>
    <MaterialName>FinishedGoodA</MaterialName>
    <ReleaseDate>2019-12-01T00:00:00-05:00</ReleaseDate>
    <DueDate>2019-12-10T16:00:00-05:00</DueDate>
    <OrderStatus>WIP</OrderStatus>
    <Priority>1</Priority>
    <Quantity>10</Quantity>
    <AdjustedReleaseDate>0.0</AdjustedReleaseDate>
  </ManufacturingOrders>
  <ManufacturingOrders>
    <Enabled>true</Enabled>
    <OrderId>Order02</OrderId>
    <MaterialName>FinishedGoodA</MaterialName>
    <ReleaseDate>2019-12-01T00:00:00-05:00</ReleaseDate>
    <DueDate>2019-12-05T16:00:00-05:00</DueDate>
    <OrderStatus>New</OrderStatus>
    <Priority>1</Priority>
    <Quantity>10</Quantity>
    <AdjustedReleaseDate>0.0</AdjustedReleaseDate>
  </ManufacturingOrders>
  <ManufacturingOrders>
    <Enabled>true</Enabled>
    <OrderId>Order03</OrderId>
    <MaterialName>FinishedGoodB</MaterialName>
    <ReleaseDate>2019-12-01T00:00:00-05:00</ReleaseDate>
    <DueDate>2019-12-07T16:00:00-05:00</DueDate>
    <OrderStatus>WIP</OrderStatus>
    <Priority>1</Priority>
    <Quantity>10</Quantity>
    <AdjustedReleaseDate>0.0</AdjustedReleaseDate>
  </ManufacturingOrders>
  <ManufacturingOrders>
    <Enabled>true</Enabled>
    <OrderId>Order04</OrderId>
    <MaterialName>FinishedGoodB</MaterialName>
    <ReleaseDate>2019-12-01T00:00:00-05:00</ReleaseDate>
    <DueDate>2019-12-05T16:00:00-05:00</DueDate>
    <OrderStatus>WIP</OrderStatus>
    <Priority>1</Priority>
    <Quantity>10</Quantity>
    <AdjustedReleaseDate>0.0</AdjustedReleaseDate>
  </ManufacturingOrders>
  <ManufacturingOrders>
    <Enabled>true</Enabled>
    <OrderId>Order05</OrderId>
    <MaterialName>FinishedGoodC</MaterialName>
    <ReleaseDate>2019-12-01T00:00:00-05:00</ReleaseDate>
    <DueDate>2019-12-06T16:00:00-05:00</DueDate>
    <OrderStatus>WIP</OrderStatus>
    <Priority>1</Priority>
    <Quantity>10</Quantity>
    <AdjustedReleaseDate>0.0</AdjustedReleaseDate>
  </ManufacturingOrders>
  <ManufacturingOrders>
    <Enabled>true</Enabled>
    <OrderId>Order06</OrderId>
    <MaterialName>FinishedGoodC</MaterialName>
    <ReleaseDate>2019-12-01T00:00:00-05:00</ReleaseDate>
    <DueDate>2019-12-03T16:00:00-05:00</DueDate>
    <OrderStatus>New</OrderStatus>
    <Priority>1</Priority>
    <Quantity>10</Quantity>
    <AdjustedReleaseDate>0.0</AdjustedReleaseDate>
  </ManufacturingOrders>
  <ManufacturingOrders>
    <Enabled>true</Enabled>
    <OrderId>Order07</OrderId>
    <MaterialName>FinishedGoodC</MaterialName>
    <ReleaseDate>2019-12-01T00:00:00-05:00</ReleaseDate>
    <DueDate>2019-12-03T16:00:00-05:00</DueDate>
    <OrderStatus>New</OrderStatus>
    <Priority>1</Priority>
    <Quantity>10</Quantity>
    <AdjustedReleaseDate>0.0</AdjustedReleaseDate>
  </ManufacturingOrders>
  <ManufacturingOrders>
    <Enabled>true</Enabled>
    <OrderId>Order08</OrderId>
    <MaterialName>FinishedGoodA</MaterialName>
    <ReleaseDate>2019-12-01T00:00:00-05:00</ReleaseDate>
    <DueDate>2019-12-12T23:00:00-05:00</DueDate>
    <OrderStatus>New</OrderStatus>
    <Priority>1</Priority>
    <Quantity>10</Quantity>
    <AdjustedReleaseDate>0.0</AdjustedReleaseDate>
  </ManufacturingOrders>
  <ManufacturingOrders>
    <Enabled>true</Enabled>
    <OrderId>Order09</OrderId>
    <MaterialName>FinishedGoodA</MaterialName>
    <ReleaseDate>2019-12-01T00:00:00-05:00</ReleaseDate>
    <DueDate>2019-12-14T21:00:00-05:00</DueDate>
    <OrderStatus>New</OrderStatus>
    <Priority>1</Priority>
    <Quantity>10</Quantity>
    <AdjustedReleaseDate>0.0</AdjustedReleaseDate>
  </ManufacturingOrders>
  <ManufacturingOrders>
    <Enabled>true</Enabled>
    <OrderId>Order10</OrderId>
    <MaterialName>FinishedGoodB</MaterialName>
    <ReleaseDate>2019-12-01T00:00:00-05:00</ReleaseDate>
    <DueDate>2019-12-13T16:00:00-05:00</DueDate>
    <OrderStatus>New</OrderStatus>
    <Priority>1</Priority>
    <Quantity>10</Quantity>
    <AdjustedReleaseDate>0.0</AdjustedReleaseDate>
  </ManufacturingOrders>
  <ManufacturingOrders>
    <Enabled>true</Enabled>
    <OrderId>Order11</OrderId>
    <MaterialName>FinishedGoodB</MaterialName>
    <ReleaseDate>2019-12-01T00:00:00-05:00</ReleaseDate>
    <DueDate>2019-12-14T14:00:00-05:00</DueDate>
    <OrderStatus>New</OrderStatus>
    <Priority>1</Priority>
    <Quantity>10</Quantity>
    <AdjustedReleaseDate>0.0</AdjustedReleaseDate>
  </ManufacturingOrders>
  <ManufacturingOrders>
    <Enabled>true</Enabled>
    <OrderId>Order12</OrderId>
    <MaterialName>FinishedGoodA</MaterialName>
    <ReleaseDate>2019-12-01T00:00:00-05:00</ReleaseDate>
    <DueDate>2019-12-19T13:00:00-05:00</DueDate>
    <OrderStatus>New</OrderStatus>
    <Priority>1</Priority>
    <Quantity>10</Quantity>
    <AdjustedReleaseDate>0.0</AdjustedReleaseDate>
  </ManufacturingOrders>
  <ManufacturingOrders>
    <Enabled>true</Enabled>
    <OrderId>Order13</OrderId>
    <MaterialName>FinishedGoodC</MaterialName>
    <ReleaseDate>2019-12-01T00:00:00-05:00</ReleaseDate>
    <DueDate>2019-12-12T00:00:00-05:00</DueDate>
    <OrderStatus>New</OrderStatus>
    <Priority>1</Priority>
    <Quantity>10</Quantity>
    <AdjustedReleaseDate>0.0</AdjustedReleaseDate>
  </ManufacturingOrders>
  <ManufacturingOrders>
    <Enabled>true</Enabled>
    <OrderId>Order14</OrderId>
    <MaterialName>FinishedGoodA</MaterialName>
    <ReleaseDate>2019-12-01T00:00:00-05:00</ReleaseDate>
    <DueDate>2019-12-19T13:00:00-05:00</DueDate>
    <OrderStatus>New</OrderStatus>
    <Priority>1</Priority>
    <Quantity>10</Quantity>
    <AdjustedReleaseDate>0.0</AdjustedReleaseDate>
  </ManufacturingOrders>
  <ManufacturingOrders>
    <Enabled>true</Enabled>
    <OrderId>Order15</OrderId>
    <MaterialName>FinishedGoodC</MaterialName>
    <ReleaseDate>2019-12-01T00:00:00-05:00</ReleaseDate>
    <DueDate>2019-12-13T22:00:00-05:00</DueDate>
    <OrderStatus>New</OrderStatus>
    <Priority>1</Priority>
    <Quantity>10</Quantity>
    <AdjustedReleaseDate>0.0</AdjustedReleaseDate>
  </ManufacturingOrders>
  <ManufacturingOrders>
    <Enabled>true</Enabled>
    <OrderId>Order16</OrderId>
    <MaterialName>FinishedGoodB</MaterialName>
    <ReleaseDate>2019-12-01T00:00:00-05:00</ReleaseDate>
    <DueDate>2019-12-19T13:00:00-05:00</DueDate>
    <OrderStatus>New</OrderStatus>
    <Priority>1</Priority>
    <Quantity>10</Quantity>
    <AdjustedReleaseDate>0.0</AdjustedReleaseDate>
  </ManufacturingOrders>
  <ManufacturingOrders>
    <Enabled>true</Enabled>
    <OrderId>Order17</OrderId>
    <MaterialName>FinishedGoodC</MaterialName>
    <ReleaseDate>2019-12-01T00:00:00-05:00</ReleaseDate>
    <DueDate>2019-12-19T13:00:00-05:00</DueDate>
    <OrderStatus>New</OrderStatus>
    <Priority>1</Priority>
    <Quantity>10</Quantity>
    <AdjustedReleaseDate>0.0</AdjustedReleaseDate>
  </ManufacturingOrders>
  <ManufacturingOrders>
    <Enabled>true</Enabled>
    <OrderId>Order18</OrderId>
    <MaterialName>FinishedGoodA</MaterialName>
    <ReleaseDate>2019-12-01T00:00:00-05:00</ReleaseDate>
    <DueDate>2019-12-12T23:00:00-05:00</DueDate>
    <OrderStatus>New</OrderStatus>
    <Priority>1</Priority>
    <Quantity>10</Quantity>
    <AdjustedReleaseDate>0.0</AdjustedReleaseDate>
  </ManufacturingOrders>
  <ManufacturingOrders>
    <Enabled>true</Enabled>
    <OrderId>Order19</OrderId>
    <MaterialName>FinishedGoodA</MaterialName>
    <ReleaseDate>2019-12-01T00:00:00-05:00</ReleaseDate>
    <DueDate>2019-12-14T21:00:00-05:00</DueDate>
    <OrderStatus>New</OrderStatus>
    <Priority>1</Priority>
    <Quantity>10</Quantity>
    <AdjustedReleaseDate>0.0</AdjustedReleaseDate>
  </ManufacturingOrders>
  <ManufacturingOrders>
    <Enabled>true</Enabled>
    <OrderId>Order20</OrderId>
    <MaterialName>FinishedGoodB</MaterialName>
    <ReleaseDate>2019-12-01T00:00:00-05:00</ReleaseDate>
    <DueDate>2019-12-13T16:00:00-05:00</DueDate>
    <OrderStatus>New</OrderStatus>
    <Priority>1</Priority>
    <Quantity>10</Quantity>
    <AdjustedReleaseDate>0.0</AdjustedReleaseDate>
  </ManufacturingOrders>
  <ManufacturingOrders>
    <Enabled>true</Enabled>
    <OrderId>Order21</OrderId>
    <MaterialName>FinishedGoodB</MaterialName>
    <ReleaseDate>2019-12-01T00:00:00-05:00</ReleaseDate>
    <DueDate>2019-12-14T14:00:00-05:00</DueDate>
    <OrderStatus>New</OrderStatus>
    <Priority>1</Priority>
    <Quantity>10</Quantity>
    <AdjustedReleaseDate>0.0</AdjustedReleaseDate>
  </ManufacturingOrders>
  <ManufacturingOrders>
    <Enabled>true</Enabled>
    <OrderId>Order22</OrderId>
    <MaterialName>FinishedGoodA</MaterialName>
    <ReleaseDate>2019-12-01T00:00:00-05:00</ReleaseDate>
    <DueDate>2019-12-19T13:00:00-05:00</DueDate>
    <OrderStatus>New</OrderStatus>
    <Priority>1</Priority>
    <Quantity>10</Quantity>
    <AdjustedReleaseDate>0.0</AdjustedReleaseDate>
  </ManufacturingOrders>
  <ManufacturingOrders>
    <Enabled>true</Enabled>
    <OrderId>Order23</OrderId>
    <MaterialName>FinishedGoodC</MaterialName>
    <ReleaseDate>2019-12-01T00:00:00-05:00</ReleaseDate>
    <DueDate>2019-12-12T00:00:00-05:00</DueDate>
    <OrderStatus>New</OrderStatus>
    <Priority>1</Priority>
    <Quantity>10</Quantity>
    <AdjustedReleaseDate>0.0</AdjustedReleaseDate>
  </ManufacturingOrders>
  <ManufacturingOrders>
    <Enabled>true</Enabled>
    <OrderId>Order24</OrderId>
    <MaterialName>FinishedGoodA</MaterialName>
    <ReleaseDate>2019-12-01T00:00:00-05:00</ReleaseDate>
    <DueDate>2019-12-19T13:00:00-05:00</DueDate>
    <OrderStatus>New</OrderStatus>
    <Priority>1</Priority>
    <Quantity>10</Quantity>
    <AdjustedReleaseDate>0.0</AdjustedReleaseDate>
  </ManufacturingOrders>
  <ManufacturingOrders>
    <Enabled>true</Enabled>
    <OrderId>Order25</OrderId>
    <MaterialName>FinishedGoodC</MaterialName>
    <ReleaseDate>2019-12-01T00:00:00-05:00</ReleaseDate>
    <DueDate>2019-12-13T22:00:00-05:00</DueDate>
    <OrderStatus>New</OrderStatus>
    <Priority>1</Priority>
    <Quantity>10</Quantity>
    <AdjustedReleaseDate>0.0</AdjustedReleaseDate>
  </ManufacturingOrders>
  <ManufacturingOrders>
    <Enabled>true</Enabled>
    <OrderId>Order26</OrderId>
    <MaterialName>FinishedGoodB</MaterialName>
    <ReleaseDate>2019-12-01T00:00:00-05:00</ReleaseDate>
    <DueDate>2019-12-19T13:00:00-05:00</DueDate>
    <OrderStatus>New</OrderStatus>
    <Priority>1</Priority>
    <Quantity>10</Quantity>
    <AdjustedReleaseDate>0.0</AdjustedReleaseDate>
  </ManufacturingOrders>
  <ManufacturingOrders>
    <Enabled>true</Enabled>
    <OrderId>Order27</OrderId>
    <MaterialName>FinishedGoodC</MaterialName>
    <ReleaseDate>2019-12-01T00:00:00-05:00</ReleaseDate>
    <DueDate>2019-12-19T13:00:00-05:00</DueDate>
    <OrderStatus>New</OrderStatus>
    <Priority>1</Priority>
    <Quantity>10</Quantity>
    <AdjustedReleaseDate>0.0</AdjustedReleaseDate>
  </ManufacturingOrders>
</NewDataSet>
