[
  {
    "address": "777 Brockton Avenue",
    "city": "Abington",
    "state": "MA",
    "zip": "2351"
  },
  {
    "address": "30 Memorial Drive",
    "city": "Avon",
    "state": "MA",
    "zip": "2322"
  },
  {
    "address": "250 Hartford Avenue",
    "city": "Bellingham",
    "state": "MA",
    "zip": "2019"
  },
  {
    "address": "700 Oak Street",
    "city": "Brockton",
    "state": "MA",
    "zip": "2301"
  },
  {
    "address": "66-4 Parkhurst Rd",
    "city": "Chelmsford",
    "state": "MA",
    "zip": "1824"
  },
  {
    "address": "591 Memorial Dr",
    "city": "Chicopee",
    "state": "MA",
    "zip": "1020"
  },
  {
    "address": "55 Brooksby Village Way",
    "city": "Danvers",
    "state": "MA",
    "zip": "1923"
  },
  {
    "address": "137 Teaticket Hwy",
    "city": "East Falmouth",
    "state": "MA",
    "zip": "2536"
  },
  {
    "address": "42 Fairhaven Commons Way",
    "city": "Fairhaven",
    "state": "MA",
    "zip": "2719"
  },
  {
    "address": "374 William S Canning Blvd",
    "city": "Fall River",
    "state": "MA",
    "zip": "2721"
  },
  {
    "address": "121 Worcester Rd",
    "city": "Framingham",
    "state": "MA",
    "zip": "1701"
  },
  {
    "address": "677 Timpany Blvd",
    "city": "Gardner",
    "state": "MA",
    "zip": "1440"
  },
  {
    "address": "337 Russell St",
    "city": "Hadley",
    "state": "MA",
    "zip": "1035"
  },
  {
    "address": "295 Plymouth Street",
    "city": "Halifax",
    "state": "MA",
    "zip": "2338"
  },
  {
    "address": "1775 Washington St",
    "city": "Hanover",
    "state": "MA",
    "zip": "2339"
  },
  {
    "address": "280 Washington Street",
    "city": "Hudson",
    "state": "MA",
    "zip": "1749"
  },
  {
    "address": "20 Soojian Dr",
    "city": "Leicester",
    "state": "MA",
    "zip": "1524"
  },
  {
    "address": "11 Jungle Road",
    "city": "Leominster",
    "state": "MA",
    "zip": "1453"
  },
  {
    "address": "301 Massachusetts Ave",
    "city": "Lunenburg",
    "state": "MA",
    "zip": "1462"
  },
  {
    "address": "780 Lynnway",
    "city": "Lynn",
    "state": "MA",
    "zip": "1905"
  },
  {
    "address": "70 Pleasant Valley Street",
    "city": "Methuen",
    "state": "MA",
    "zip": "1844"
  },
  {
    "address": "830 Curran Memorial Hwy",
    "city": "North Adams",
    "state": "MA",
    "zip": "1247"
  },
  {
    "address": "1470 S Washington St",
    "city": "North Attleboro",
    "state": "MA",
    "zip": "2760"
  },
  {
    "address": "506 State Road",
    "city": "North Dartmouth",
    "state": "MA",
    "zip": "2747"
  },
  {
    "address": "742 Main Street",
    "city": "North Oxford",
    "state": "MA",
    "zip": "1537"
  },
  {
    "address": "72 Main St",
    "city": "North Reading",
    "state": "MA",
    "zip": "1864"
  },
  {
    "address": "200 Otis Street",
    "city": "Northborough",
    "state": "MA",
    "zip": "1532"
  },
  {
    "address": "180 North King Street",
    "city": "Northhampton",
    "state": "MA",
    "zip": "1060"
  },
  {
    "address": "555 East Main St",
    "city": "Orange",
    "state": "MA",
    "zip": "1364"
  },
  {
    "address": "555 Hubbard Ave-Suite 12",
    "city": "Pittsfield",
    "state": "MA",
    "zip": "1201"
  },
  {
    "address": "300 Colony Place",
    "city": "Plymouth",
    "state": "MA",
    "zip": "2360"
  },
  {
    "address": "301 Falls Blvd",
    "city": "Quincy",
    "state": "MA",
    "zip": "2169"
  },
  {
    "address": "36 Paramount Drive",
    "city": "Raynham",
    "state": "MA",
    "zip": "2767"
  },
  {
    "address": "450 Highland Ave",
    "city": "Salem",
    "state": "MA",
    "zip": "1970"
  },
  {
    "address": "1180 Fall River Avenue",
    "city": "Seekonk",
    "state": "MA",
    "zip": "2771"
  },
  {
    "address": "1105 Boston Road",
    "city": "Springfield",
    "state": "MA",
    "zip": "1119"
  },
  {
    "address": "100 Charlton Road",
    "city": "Sturbridge",
    "state": "MA",
    "zip": "1566"
  },
  {
    "address": "262 Swansea Mall Dr",
    "city": "Swansea",
    "state": "MA",
    "zip": "2777"
  },
  {
    "address": "333 Main Street",
    "city": "Tewksbury",
    "state": "MA",
    "zip": "1876"
  },
  {
    "address": "550 Providence Hwy",
    "city": "Walpole",
    "state": "MA",
    "zip": "2081"
  },
  {
    "address": "352 Palmer Road",
    "city": "Ware",
    "state": "MA",
    "zip": "1082"
  },
  {
    "address": "3005 Cranberry Hwy Rt 6 28",
    "city": "Wareham",
    "state": "MA",
    "zip": "2538"
  },
  {
    "address": "250 Rt 59",
    "city": "Airmont",
    "state": "NY",
    "zip": "10901"
  },
  {
    "address": "141 Washington Ave Extension",
    "city": "Albany",
    "state": "NY",
    "zip": "12205"
  },
  {
    "address": "13858 Rt 31 W",
    "city": "Albion",
    "state": "NY",
    "zip": "14411"
  },
  {
    "address": "2055 Niagara Falls Blvd",
    "city": "Amherst",
    "state": "NY",
    "zip": "14228"
  },
  {
    "address": "101 Sanford Farm Shpg Center",
    "city": "Amsterdam",
    "state": "NY",
    "zip": "12010"
  },
  {
    "address": "297 Grant Avenue",
    "city": "Auburn",
    "state": "NY",
    "zip": "13021"
  },
  {
    "address": "4133 Veterans Memorial Drive",
    "city": "Batavia",
    "state": "NY",
    "zip": "14020"
  },
  {
    "address": "6265 Brockport Spencerport Rd",
    "city": "Brockport",
    "state": "NY",
    "zip": "14420"
  },
  {
    "address": "5399 W Genesse St",
    "city": "Camillus",
    "state": "NY",
    "zip": "13031"
  },
  {
    "address": "3191 County rd 10",
    "city": "Canandaigua",
    "state": "NY",
    "zip": "14424"
  },
  {
    "address": "30 Catskill",
    "city": "Catskill",
    "state": "NY",
    "zip": "12414"
  },
  {
    "address": "161 Centereach Mall",
    "city": "Centereach",
    "state": "NY",
    "zip": "11720"
  },
  {
    "address": "3018 East Ave",
    "city": "Central Square",
    "state": "NY",
    "zip": "13036"
  },
  {
    "address": "100 Thruway Plaza",
    "city": "Cheektowaga",
    "state": "NY",
    "zip": "14225"
  },
  {
    "address": "8064 Brewerton Rd",
    "city": "Cicero",
    "state": "NY",
    "zip": "13039"
  },
  {
    "address": "5033 Transit Road",
    "city": "Clarence",
    "state": "NY",
    "zip": "14031"
  },
  {
    "address": "3949 Route 31",
    "city": "Clay",
    "state": "NY",
    "zip": "13041"
  },
  {
    "address": "139 Merchant Place",
    "city": "Cobleskill",
    "state": "NY",
    "zip": "12043"
  },
  {
    "address": "85 Crooked Hill Road",
    "city": "Commack",
    "state": "NY",
    "zip": "11725"
  },
  {
    "address": "872 Route 13",
    "city": "Cortlandville",
    "state": "NY",
    "zip": "13045"
  },
  {
    "address": "279 Troy Road",
    "city": "East Greenbush",
    "state": "NY",
    "zip": "12061"
  },
  {
    "address": "2465 Hempstead Turnpike",
    "city": "East Meadow",
    "state": "NY",
    "zip": "11554"
  },
  {
    "address": "6438 Basile Rowe",
    "city": "East Syracuse",
    "state": "NY",
    "zip": "13057"
  },
  {
    "address": "25737 US Rt 11",
    "city": "Evans Mills",
    "state": "NY",
    "zip": "13637"
  },
  {
    "address": "901 Route 110",
    "city": "Farmingdale",
    "state": "NY",
    "zip": "11735"
  },
  {
    "address": "2400 Route 9",
    "city": "Fishkill",
    "state": "NY",
    "zip": "12524"
  },
  {
    "address": "10401 Bennett Road",
    "city": "Fredonia",
    "state": "NY",
    "zip": "14063"
  },
  {
    "address": "1818 State Route 3",
    "city": "Fulton",
    "state": "NY",
    "zip": "13069"
  },
  {
    "address": "4300 Lakeville Road",
    "city": "Geneseo",
    "state": "NY",
    "zip": "14454"
  },
  {
    "address": "990 Route 5 20",
    "city": "Geneva",
    "state": "NY",
    "zip": "14456"
  },
  {
    "address": "311 RT 9W",
    "city": "Glenmont",
    "state": "NY",
    "zip": "12077"
  },
  {
    "address": "200 Dutch Meadows Ln",
    "city": "Glenville",
    "state": "NY",
    "zip": "12302"
  },
  {
    "address": "100 Elm Ridge Center Dr",
    "city": "Greece",
    "state": "NY",
    "zip": "14626"
  },
  {
    "address": "1549 Rt 9",
    "city": "Halfmoon",
    "state": "NY",
    "zip": "12065"
  },
  {
    "address": "5360 Southwestern Blvd",
    "city": "Hamburg",
    "state": "NY",
    "zip": "14075"
  },
  {
    "address": "103 North Caroline St",
    "city": "Herkimer",
    "state": "NY",
    "zip": "13350"
  },
  {
    "address": "1000 State Route 36",
    "city": "Hornell",
    "state": "NY",
    "zip": "14843"
  },
  {
    "address": "1400 County Rd 64",
    "city": "Horseheads",
    "state": "NY",
    "zip": "14845"
  },
  {
    "address": "135 Fairgrounds Memorial Pkwy",
    "city": "Ithaca",
    "state": "NY",
    "zip": "14850"
  },
  {
    "address": "2 Gannett Dr",
    "city": "Johnson City",
    "state": "NY",
    "zip": "13790"
  },
  {
    "address": "233 5th Ave Ext",
    "city": "Johnstown",
    "state": "NY",
    "zip": "12095"
  },
  {
    "address": "601 Frank Stottile Blvd",
    "city": "Kingston",
    "state": "NY",
    "zip": "12401"
  },
  {
    "address": "350 E Fairmount Ave",
    "city": "Lakewood",
    "state": "NY",
    "zip": "14750"
  },
  {
    "address": "4975 Transit Rd",
    "city": "Lancaster",
    "state": "NY",
    "zip": "14086"
  },
  {
    "address": "579 Troy-Schenectady Road",
    "city": "Latham",
    "state": "NY",
    "zip": "12110"
  },
  {
    "address": "5783 So Transit Road",
    "city": "Lockport",
    "state": "NY",
    "zip": "14094"
  },
  {
    "address": "7155 State Rt 12 S",
    "city": "Lowville",
    "state": "NY",
    "zip": "13367"
  },
  {
    "address": "425 Route 31",
    "city": "Macedon",
    "state": "NY",
    "zip": "14502"
  },
  {
    "address": "3222 State Rt 11",
    "city": "Malone",
    "state": "NY",
    "zip": "12953"
  },
  {
    "address": "200 Sunrise Mall",
    "city": "Massapequa",
    "state": "NY",
    "zip": "11758"
  },
  {
    "address": "43 Stephenville St",
    "city": "Massena",
    "state": "NY",
    "zip": "13662"
  },
  {
    "address": "750 Middle Country Road",
    "city": "Middle Island",
    "state": "NY",
    "zip": "11953"
  },
  {
    "address": "470 Route 211 East",
    "city": "Middletown",
    "state": "NY",
    "zip": "10940"
  },
  {
    "address": "3133 E Main St",
    "city": "Mohegan Lake",
    "state": "NY",
    "zip": "10547"
  },
  {
    "address": "288 Larkin",
    "city": "Monroe",
    "state": "NY",
    "zip": "10950"
  },
  {
    "address": "41 Anawana Lake Road",
    "city": "Monticello",
    "state": "NY",
    "zip": "12701"
  },
  {
    "address": "4765 Commercial Drive",
    "city": "New Hartford",
    "state": "NY",
    "zip": "13413"
  },
  {
    "address": "1201 Rt 300",
    "city": "Newburgh",
    "state": "NY",
    "zip": "12550"
  },
  {
    "address": "255 W Main St",
    "city": "Avon",
    "state": "CT",
    "zip": "6001"
  },
  {
    "address": "120 Commercial Parkway",
    "city": "Branford",
    "state": "CT",
    "zip": "6405"
  },
  {
    "address": "1400 Farmington Ave",
    "city": "Bristol",
    "state": "CT",
    "zip": "6010"
  },
  {
    "address": "161 Berlin Road",
    "city": "Cromwell",
    "state": "CT",
    "zip": "6416"
  },
  {
    "address": "67 Newton Rd",
    "city": "Danbury",
    "state": "CT",
    "zip": "6810"
  },
  {
    "address": "656 New Haven Ave",
    "city": "Derby",
    "state": "CT",
    "zip": "6418"
  },
  {
    "address": "69 Prospect Hill Road",
    "city": "East Windsor",
    "state": "CT",
    "zip": "6088"
  },
  {
    "address": "150 Gold Star Hwy",
    "city": "Groton",
    "state": "CT",
    "zip": "6340"
  },
  {
    "address": "900 Boston Post Road",
    "city": "Guilford",
    "state": "CT",
    "zip": "6437"
  },
  {
    "address": "2300 Dixwell Ave",
    "city": "Hamden",
    "state": "CT",
    "zip": "6514"
  },
  {
    "address": "495 Flatbush Ave",
    "city": "Hartford",
    "state": "CT",
    "zip": "6106"
  },
  {
    "address": "180 River Rd",
    "city": "Lisbon",
    "state": "CT",
    "zip": "6351"
  },
  {
    "address": "420 Buckland Hills Dr",
    "city": "Manchester",
    "state": "CT",
    "zip": "6040"
  },
  {
    "address": "1365 Boston Post Road",
    "city": "Milford",
    "state": "CT",
    "zip": "6460"
  },
  {
    "address": "1100 New Haven Road",
    "city": "Naugatuck",
    "state": "CT",
    "zip": "6770"
  },
  {
    "address": "315 Foxon Blvd",
    "city": "New Haven",
    "state": "CT",
    "zip": "6513"
  },
  {
    "address": "164 Danbury Rd",
    "city": "New Milford",
    "state": "CT",
    "zip": "6776"
  },
  {
    "address": "3164 Berlin Turnpike",
    "city": "Newington",
    "state": "CT",
    "zip": "6111"
  },
  {
    "address": "474 Boston Post Road",
    "city": "North Windham",
    "state": "CT",
    "zip": "6256"
  },
  {
    "address": "650 Main Ave",
    "city": "Norwalk",
    "state": "CT",
    "zip": "6851"
  },
  {
    "address": "680 Connecticut Avenue",
    "city": "Norwalk",
    "state": "CT",
    "zip": "6854"
  },
  {
    "address": "220 Salem Turnpike",
    "city": "Norwich",
    "state": "CT",
    "zip": "6360"
  },
  {
    "address": "655 Boston Post Rd",
    "city": "Old Saybrook",
    "state": "CT",
    "zip": "6475"
  },
  {
    "address": "625 School Street",
    "city": "Putnam",
    "state": "CT",
    "zip": "6260"
  },
  {
    "address": "80 Town Line Rd",
    "city": "Rocky Hill",
    "state": "CT",
    "zip": "6067"
  },
  {
    "address": "465 Bridgeport Avenue",
    "city": "Shelton",
    "state": "CT",
    "zip": "6484"
  },
  {
    "address": "235 Queen St",
    "city": "Southington",
    "state": "CT",
    "zip": "6489"
  },
  {
    "address": "150 Barnum Avenue Cutoff",
    "city": "Stratford",
    "state": "CT",
    "zip": "6614"
  },
  {
    "address": "970 Torringford Street",
    "city": "Torrington",
    "state": "CT",
    "zip": "6790"
  },
  {
    "address": "844 No Colony Road",
    "city": "Wallingford",
    "state": "CT",
    "zip": "6492"
  },
  {
    "address": "910 Wolcott St",
    "city": "Waterbury",
    "state": "CT",
    "zip": "6705"
  },
  {
    "address": "155 Waterford Parkway No",
    "city": "Waterford",
    "state": "CT",
    "zip": "6385"
  },
  {
    "address": "515 Sawmill Road",
    "city": "West Haven",
    "state": "CT",
    "zip": "6516"
  },
  {
    "address": "2473 Hackworth Road",
    "city": "Adamsville",
    "state": "AL",
    "zip": "35005"
  },
  {
    "address": "630 Coonial Promenade Pkwy",
    "city": "Alabaster",
    "state": "AL",
    "zip": "35007"
  },
  {
    "address": "2643 Hwy 280 West",
    "city": "Alexander City",
    "state": "AL",
    "zip": "35010"
  },
  {
    "address": "540 West Bypass",
    "city": "Andalusia",
    "state": "AL",
    "zip": "36420"
  },
  {
    "address": "5560 Mcclellan Blvd",
    "city": "Anniston",
    "state": "AL",
    "zip": "36206"
  },
  {
    "address": "1450 No Brindlee Mtn Pkwy",
    "city": "Arab",
    "state": "AL",
    "zip": "35016"
  },
  {
    "address": "1011 US Hwy 72 East",
    "city": "Athens",
    "state": "AL",
    "zip": "35611"
  },
  {
    "address": "973 Gilbert Ferry Road Se",
    "city": "Attalla",
    "state": "AL",
    "zip": "35954"
  },
  {
    "address": "1717 South College Street",
    "city": "Auburn",
    "state": "AL",
    "zip": "36830"
  },
  {
    "address": "701 Mcmeans Ave",
    "city": "Bay Minette",
    "state": "AL",
    "zip": "36507"
  },
  {
    "address": "750 Academy Drive",
    "city": "Bessemer",
    "state": "AL",
    "zip": "35022"
  },
  {
    "address": "312 Palisades Blvd",
    "city": "Birmingham",
    "state": "AL",
    "zip": "35209"
  },
  {
    "address": "1600 Montclair Rd",
    "city": "Birmingham",
    "state": "AL",
    "zip": "35210"
  },
  {
    "address": "5919 Trussville Crossings Pkwy",
    "city": "Birmingham",
    "state": "AL",
    "zip": "35235"
  },
  {
    "address": "9248 Parkway East",
    "city": "Birmingham",
    "state": "AL",
    "zip": "35206"
  },
  {
    "address": "1972 Hwy 431",
    "city": "Boaz",
    "state": "AL",
    "zip": "35957"
  },
  {
    "address": "10675 Hwy 5",
    "city": "Brent",
    "state": "AL",
    "zip": "35034"
  },
  {
    "address": "2041 Douglas Avenue",
    "city": "Brewton",
    "state": "AL",
    "zip": "36426"
  },
  {
    "address": "5100 Hwy 31",
    "city": "Calera",
    "state": "AL",
    "zip": "35040"
  },
  {
    "address": "1916 Center Point Rd",
    "city": "Center Point",
    "state": "AL",
    "zip": "35215"
  },
  {
    "address": "1950 W Main St",
    "city": "Centre",
    "state": "AL",
    "zip": "35960"
  },
  {
    "address": "16077 Highway 280",
    "city": "Chelsea",
    "state": "AL",
    "zip": "35043"
  },
  {
    "address": "1415 7Th Street South",
    "city": "Clanton",
    "state": "AL",
    "zip": "35045"
  },
  {
    "address": "626 Olive Street Sw",
    "city": "Cullman",
    "state": "AL",
    "zip": "35055"
  },
  {
    "address": "27520 Hwy 98",
    "city": "Daphne",
    "state": "AL",
    "zip": "36526"
  },
  {
    "address": "2800 Spring Avn SW",
    "city": "Decatur",
    "state": "AL",
    "zip": "35603"
  },
  {
    "address": "969 Us Hwy 80 West",
    "city": "Demopolis",
    "state": "AL",
    "zip": "36732"
  },
  {
    "address": "3300 South Oates Street",
    "city": "Dothan",
    "state": "AL",
    "zip": "36301"
  },
  {
    "address": "4310 Montgomery Hwy",
    "city": "Dothan",
    "state": "AL",
    "zip": "36303"
  },
  {
    "address": "600 Boll Weevil Circle",
    "city": "Enterprise",
    "state": "AL",
    "zip": "36330"
  },
  {
    "address": "3176 South Eufaula Avenue",
    "city": "Eufaula",
    "state": "AL",
    "zip": "36027"
  },
  {
    "address": "7100 Aaron Aronov Drive",
    "city": "Fairfield",
    "state": "AL",
    "zip": "35064"
  },
  {
    "address": "10040 County Road 48",
    "city": "Fairhope",
    "state": "AL",
    "zip": "36533"
  },
  {
    "address": "3186 Hwy 171 North",
    "city": "Fayette",
    "state": "AL",
    "zip": "35555"
  },
  {
    "address": "3100 Hough Rd",
    "city": "Florence",
    "state": "AL",
    "zip": "35630"
  },
  {
    "address": "2200 South Mckenzie St",
    "city": "Foley",
    "state": "AL",
    "zip": "36535"
  },
  {
    "address": "2001 Glenn Bldv Sw",
    "city": "Fort Payne",
    "state": "AL",
    "zip": "35968"
  },
  {
    "address": "340 East Meighan Blvd",
    "city": "Gadsden",
    "state": "AL",
    "zip": "35903"
  },
  {
    "address": "890 Odum Road",
    "city": "Gardendale",
    "state": "AL",
    "zip": "35071"
  },
  {
    "address": "1608 W Magnolia Ave",
    "city": "Geneva",
    "state": "AL",
    "zip": "36340"
  },
  {
    "address": "501 Willow Lane",
    "city": "Greenville",
    "state": "AL",
    "zip": "36037"
  },
  {
    "address": "170 Fort Morgan Road",
    "city": "Gulf Shores",
    "state": "AL",
    "zip": "36542"
  },
  {
    "address": "11697 US Hwy 431",
    "city": "Guntersville",
    "state": "AL",
    "zip": "35976"
  },
  {
    "address": "42417 Hwy 195",
    "city": "Haleyville",
    "state": "AL",
    "zip": "35565"
  },
  {
    "address": "1706 Military Street South",
    "city": "Hamilton",
    "state": "AL",
    "zip": "35570"
  },
  {
    "address": "1201 Hwy 31 NW",
    "city": "Hartselle",
    "state": "AL",
    "zip": "35640"
  },
  {
    "address": "209 Lakeshore Parkway",
    "city": "Homewood",
    "state": "AL",
    "zip": "35209"
  },
  {
    "address": "2780 John Hawkins Pkwy",
    "city": "Hoover",
    "state": "AL",
    "zip": "35244"
  },
  {
    "address": "5335 Hwy 280 South",
    "city": "Hoover",
    "state": "AL",
    "zip": "35242"
  },
  {
    "address": "1007 Red Farmer Drive",
    "city": "Hueytown",
    "state": "AL",
    "zip": "35023"
  },
  {
    "address": "2900 S Mem PkwyDrake Ave",
    "city": "Huntsville",
    "state": "AL",
    "zip": "35801"
  },
  {
    "address": "11610 Memorial Pkwy South",
    "city": "Huntsville",
    "state": "AL",
    "zip": "35803"
  },
  {
    "address": "2200 Sparkman Drive",
    "city": "Huntsville",
    "state": "AL",
    "zip": "35810"
  },
  {
    "address": "330 Sutton Rd",
    "city": "Huntsville",
    "state": "AL",
    "zip": "35763"
  },
  {
    "address": "6140A Univ Drive",
    "city": "Huntsville",
    "state": "AL",
    "zip": "35806"
  },
  {
    "address": "4206 N College Ave",
    "city": "Jackson",
    "state": "AL",
    "zip": "36545"
  },
  {
    "address": "1625 Pelham South",
    "city": "Jacksonville",
    "state": "AL",
    "zip": "36265"
  },
  {
    "address": "1801 Hwy 78 East",
    "city": "Jasper",
    "state": "AL",
    "zip": "35501"
  },
  {
    "address": "8551 Whitfield Ave",
    "city": "Leeds",
    "state": "AL",
    "zip": "35094"
  },
  {
    "address": "8650 Madison Blvd",
    "city": "Madison",
    "state": "AL",
    "zip": "35758"
  },
  {
    "address": "145 Kelley Blvd",
    "city": "Millbrook",
    "state": "AL",
    "zip": "36054"
  },
  {
    "address": "1970 S University Blvd",
    "city": "Mobile",
    "state": "AL",
    "zip": "36609"
  },
  {
    "address": "6350 Cottage Hill Road",
    "city": "Mobile",
    "state": "AL",
    "zip": "36609"
  },
  {
    "address": "101 South Beltline Highway",
    "city": "Mobile",
    "state": "AL",
    "zip": "36606"
  },
  {
    "address": "2500 Dawes Road",
    "city": "Mobile",
    "state": "AL",
    "zip": "36695"
  },
  {
    "address": "5245 Rangeline Service Rd",
    "city": "Mobile",
    "state": "AL",
    "zip": "36619"
  },
  {
    "address": "685 Schillinger Rd",
    "city": "Mobile",
    "state": "AL",
    "zip": "36695"
  },
  {
    "address": "3371 S Alabama Ave",
    "city": "Monroeville",
    "state": "AL",
    "zip": "36460"
  },
  {
    "address": "10710 Chantilly Pkwy",
    "city": "Montgomery",
    "state": "AL",
    "zip": "36117"
  },
  {
    "address": "3801 Eastern Blvd",
    "city": "Montgomery",
    "state": "AL",
    "zip": "36116"
  },
  {
    "address": "6495 Atlanta Hwy",
    "city": "Montgomery",
    "state": "AL",
    "zip": "36117"
  },
  {
    "address": "851 Ann St",
    "city": "Montgomery",
    "state": "AL",
    "zip": "36107"
  },
  {
    "address": "15445 Highway 24",
    "city": "Moulton",
    "state": "AL",
    "zip": "35650"
  },
  {
    "address": "517 West Avalon Ave",
    "city": "Muscle Shoals",
    "state": "AL",
    "zip": "35661"
  },
  {
    "address": "5710 Mcfarland Blvd",
    "city": "Northport",
    "state": "AL",
    "zip": "35476"
  },
  {
    "address": "2453 2Nd Avenue East",
    "city": "Oneonta",
    "state": "AL",
    "zip": "35121"
  },
  {
    "address": "2900 Pepperrell Pkwy",
    "city": "Opelika",
    "state": "AL",
    "zip": "36801"
  },
  {
    "address": "92 Plaza Lane",
    "city": "Oxford",
    "state": "AL",
    "zip": "36203"
  },
  {
    "address": "1537 Hwy 231 South",
    "city": "Ozark",
    "state": "AL",
    "zip": "36360"
  },
  {
    "address": "2181 Pelham Pkwy",
    "city": "Pelham",
    "state": "AL",
    "zip": "35124"
  },
  {
    "address": "165 Vaughan Ln",
    "city": "Pell City",
    "state": "AL",
    "zip": "35125"
  },
  {
    "address": "3700 Hwy 280-431 N",
    "city": "Phenix City",
    "state": "AL",
    "zip": "36867"
  },
  {
    "address": "1903 Cobbs Ford Rd",
    "city": "Prattville",
    "state": "AL",
    "zip": "36066"
  },
  {
    "address": "4180 Us Hwy 431",
    "city": "Roanoke",
    "state": "AL",
    "zip": "36274"
  },
  {
    "address": "13675 Hwy 43",
    "city": "Russellville",
    "state": "AL",
    "zip": "35653"
  },
  {
    "address": "1095 Industrial Pkwy",
    "city": "Saraland",
    "state": "AL",
    "zip": "36571"
  },
  {
    "address": "24833 Johnt Reidprkw",
    "city": "Scottsboro",
    "state": "AL",
    "zip": "35768"
  },
  {
    "address": "1501 Hwy 14 East",
    "city": "Selma",
    "state": "AL",
    "zip": "36703"
  },
  {
    "address": "7855 Moffett Rd",
    "city": "Semmes",
    "state": "AL",
    "zip": "36575"
  },
  {
    "address": "150 Springville Station Blvd",
    "city": "Springville",
    "state": "AL",
    "zip": "35146"
  },
  {
    "address": "690 Hwy 78",
    "city": "Sumiton",
    "state": "AL",
    "zip": "35148"
  },
  {
    "address": "41301 US Hwy 280",
    "city": "Sylacauga",
    "state": "AL",
    "zip": "35150"
  },
  {
    "address": "214 Haynes Street",
    "city": "Talladega",
    "state": "AL",
    "zip": "35160"
  },
  {
    "address": "1300 Gilmer Ave",
    "city": "Tallassee",
    "state": "AL",
    "zip": "36078"
  },
  {
    "address": "34301 Hwy 43",
    "city": "Thomasville",
    "state": "AL",
    "zip": "36784"
  },
  {
    "address": "1420 Us 231 South",
    "city": "Troy",
    "state": "AL",
    "zip": "36081"
  },
  {
    "address": "1501 Skyland Blvd E",
    "city": "Tuscaloosa",
    "state": "AL",
    "zip": "35405"
  },
  {
    "address": "3501 20th Av",
    "city": "Valley",
    "state": "AL",
    "zip": "36854"
  },
  {
    "address": "1300 Montgomery Highway",
    "city": "Vestavia Hills",
    "state": "AL",
    "zip": "35216"
  },
  {
    "address": "4538 Us Hwy 231",
    "city": "Wetumpka",
    "state": "AL",
    "zip": "36092"
  },
  {
    "address": "2575 Us Hwy 43",
    "city": "Winfield",
    "state": "AL",
    "zip": "35594"
  }
]